{
  "users": [
    {
      "id": "1",
      "firstName": "John",
      "lastName": "Doe",
      "email": "john@gmail.com",
      "age": 34,
      "companyId": "1"
    },
    {
      "id": "2",
      "firstName": "Mark",
      "lastName": "Williams",
      "email": "mark@gmail.com",
      "age": 33,
      "companyId": "1"
    },
    {
      "id": "3",
      "firstName": "Sara",
      "lastName": "Smith",
      "email": "sara@gmail.com",
      "age": 23,
      "companyId": "2"
    },
    {
      "firstName": "Brad",
      "lastName": "Traversy",
      "age": 35,
      "email": "test@test.com",
      "companyId": "3",
      "id": "B1Ww3BIS-"
    }
  ],
  "companies": [
    {
      "id": "1",
      "name": "Apple",
      "description": "Apple Inc. is an American multinational technology company headquartered in Cupertino, California that designs, develops, and sells consumer electronics, computer software, and online services. ... Its online services include the iTunes Store, the iOS App Store and Mac App Store, Apple Music, and iCloud"
    },
    {
      "id": "2",
      "name": "Microsoft",
      "description": "Microsoft Corporation, incorporated on September 22, 1993, is a technology company. The Company develops, licenses, and supports a range of software products, services and devices. The Company's segments include Productivity and Business Processes, Intelligent Cloud and More Personal Computing"
    },
    {
      "id": "3",
      "name": "Google",
      "description": "Google was founded by Larry Page and Sergey Brin while they were students at Stanford University. The company was officially launched in September, 1998 in a friend's garage. ... The official mission statement of the company is to “organize the world's information and make it universally accessible and useful"
    }
  ]
}